5,imgs/img_0.png
0,imgs/img_1.png
4,imgs/img_2.png
1,imgs/img_3.png
9,imgs/img_4.png
2,imgs/img_5.png
1,imgs/img_6.png
3,imgs/img_7.png
1,imgs/img_8.png
4,imgs/img_9.png
3,imgs/img_10.png
5,imgs/img_11.png
3,imgs/img_12.png
6,imgs/img_13.png
1,imgs/img_14.png
7,imgs/img_15.png
2,imgs/img_16.png
8,imgs/img_17.png
6,imgs/img_18.png
9,imgs/img_19.png
4,imgs/img_20.png
0,imgs/img_21.png
9,imgs/img_22.png
1,imgs/img_23.png
1,imgs/img_24.png
2,imgs/img_25.png
4,imgs/img_26.png
3,imgs/img_27.png
2,imgs/img_28.png
7,imgs/img_29.png
3,imgs/img_30.png
8,imgs/img_31.png
6,imgs/img_32.png
9,imgs/img_33.png
0,imgs/img_34.png
5,imgs/img_35.png
6,imgs/img_36.png
0,imgs/img_37.png
7,imgs/img_38.png
6,imgs/img_39.png
1,imgs/img_40.png
8,imgs/img_41.png
7,imgs/img_42.png
9,imgs/img_43.png
3,imgs/img_44.png
9,imgs/img_45.png
8,imgs/img_46.png
5,imgs/img_47.png
9,imgs/img_48.png
3,imgs/img_49.png
3,imgs/img_50.png
0,imgs/img_51.png
7,imgs/img_52.png
4,imgs/img_53.png
9,imgs/img_54.png
8,imgs/img_55.png
0,imgs/img_56.png
9,imgs/img_57.png
4,imgs/img_58.png
1,imgs/img_59.png
4,imgs/img_60.png
4,imgs/img_61.png
6,imgs/img_62.png
0,imgs/img_63.png
4,imgs/img_64.png
5,imgs/img_65.png
6,imgs/img_66.png
1,imgs/img_67.png
0,imgs/img_68.png
0,imgs/img_69.png
1,imgs/img_70.png
7,imgs/img_71.png
1,imgs/img_72.png
6,imgs/img_73.png
3,imgs/img_74.png
0,imgs/img_75.png
2,imgs/img_76.png
1,imgs/img_77.png
1,imgs/img_78.png
7,imgs/img_79.png
9,imgs/img_80.png
0,imgs/img_81.png
2,imgs/img_82.png
6,imgs/img_83.png
7,imgs/img_84.png
8,imgs/img_85.png
3,imgs/img_86.png
9,imgs/img_87.png
0,imgs/img_88.png
4,imgs/img_89.png
6,imgs/img_90.png
7,imgs/img_91.png
4,imgs/img_92.png
6,imgs/img_93.png
8,imgs/img_94.png
0,imgs/img_95.png
7,imgs/img_96.png
8,imgs/img_97.png
3,imgs/img_98.png
1,imgs/img_99.png
5,imgs/img_100.png
7,imgs/img_101.png
1,imgs/img_102.png
7,imgs/img_103.png
1,imgs/img_104.png
1,imgs/img_105.png
6,imgs/img_106.png
3,imgs/img_107.png
0,imgs/img_108.png
2,imgs/img_109.png
9,imgs/img_110.png
3,imgs/img_111.png
1,imgs/img_112.png
1,imgs/img_113.png
0,imgs/img_114.png
4,imgs/img_115.png
9,imgs/img_116.png
2,imgs/img_117.png
0,imgs/img_118.png
0,imgs/img_119.png
2,imgs/img_120.png
0,imgs/img_121.png
2,imgs/img_122.png
7,imgs/img_123.png
1,imgs/img_124.png
8,imgs/img_125.png
6,imgs/img_126.png
4,imgs/img_127.png
1,imgs/img_128.png
6,imgs/img_129.png
3,imgs/img_130.png
4,imgs/img_131.png
5,imgs/img_132.png
9,imgs/img_133.png
1,imgs/img_134.png
3,imgs/img_135.png
3,imgs/img_136.png
8,imgs/img_137.png
5,imgs/img_138.png
4,imgs/img_139.png
7,imgs/img_140.png
7,imgs/img_141.png
4,imgs/img_142.png
2,imgs/img_143.png
8,imgs/img_144.png
5,imgs/img_145.png
8,imgs/img_146.png
6,imgs/img_147.png
7,imgs/img_148.png
3,imgs/img_149.png
4,imgs/img_150.png
6,imgs/img_151.png
1,imgs/img_152.png
9,imgs/img_153.png
9,imgs/img_154.png
6,imgs/img_155.png
0,imgs/img_156.png
3,imgs/img_157.png
7,imgs/img_158.png
2,imgs/img_159.png
8,imgs/img_160.png
2,imgs/img_161.png
9,imgs/img_162.png
4,imgs/img_163.png
4,imgs/img_164.png
6,imgs/img_165.png
4,imgs/img_166.png
9,imgs/img_167.png
7,imgs/img_168.png
0,imgs/img_169.png
9,imgs/img_170.png
2,imgs/img_171.png
9,imgs/img_172.png
5,imgs/img_173.png
1,imgs/img_174.png
5,imgs/img_175.png
9,imgs/img_176.png
1,imgs/img_177.png
2,imgs/img_178.png
3,imgs/img_179.png
2,imgs/img_180.png
3,imgs/img_181.png
5,imgs/img_182.png
9,imgs/img_183.png
1,imgs/img_184.png
7,imgs/img_185.png
6,imgs/img_186.png
2,imgs/img_187.png
8,imgs/img_188.png
2,imgs/img_189.png
2,imgs/img_190.png
5,imgs/img_191.png
0,imgs/img_192.png
7,imgs/img_193.png
4,imgs/img_194.png
9,imgs/img_195.png
7,imgs/img_196.png
8,imgs/img_197.png
3,imgs/img_198.png
2,imgs/img_199.png
1,imgs/img_200.png
1,imgs/img_201.png
8,imgs/img_202.png
3,imgs/img_203.png
6,imgs/img_204.png
1,imgs/img_205.png
0,imgs/img_206.png
3,imgs/img_207.png
1,imgs/img_208.png
0,imgs/img_209.png
0,imgs/img_210.png
1,imgs/img_211.png
7,imgs/img_212.png
2,imgs/img_213.png
7,imgs/img_214.png
3,imgs/img_215.png
0,imgs/img_216.png
4,imgs/img_217.png
6,imgs/img_218.png
5,imgs/img_219.png
2,imgs/img_220.png
6,imgs/img_221.png
4,imgs/img_222.png
7,imgs/img_223.png
1,imgs/img_224.png
8,imgs/img_225.png
9,imgs/img_226.png
9,imgs/img_227.png
3,imgs/img_228.png
0,imgs/img_229.png
7,imgs/img_230.png
1,imgs/img_231.png
0,imgs/img_232.png
2,imgs/img_233.png
0,imgs/img_234.png
3,imgs/img_235.png
5,imgs/img_236.png
4,imgs/img_237.png
6,imgs/img_238.png
5,imgs/img_239.png
8,imgs/img_240.png
6,imgs/img_241.png
3,imgs/img_242.png
7,imgs/img_243.png
5,imgs/img_244.png
8,imgs/img_245.png
0,imgs/img_246.png
9,imgs/img_247.png
1,imgs/img_248.png
0,imgs/img_249.png
3,imgs/img_250.png
1,imgs/img_251.png
2,imgs/img_252.png
2,imgs/img_253.png
3,imgs/img_254.png
3,imgs/img_255.png
6,imgs/img_256.png
4,imgs/img_257.png
7,imgs/img_258.png
5,imgs/img_259.png
0,imgs/img_260.png
6,imgs/img_261.png
2,imgs/img_262.png
7,imgs/img_263.png
9,imgs/img_264.png
8,imgs/img_265.png
5,imgs/img_266.png
9,imgs/img_267.png
2,imgs/img_268.png
1,imgs/img_269.png
1,imgs/img_270.png
4,imgs/img_271.png
4,imgs/img_272.png
5,imgs/img_273.png
6,imgs/img_274.png
4,imgs/img_275.png
1,imgs/img_276.png
2,imgs/img_277.png
5,imgs/img_278.png
3,imgs/img_279.png
9,imgs/img_280.png
3,imgs/img_281.png
9,imgs/img_282.png
0,imgs/img_283.png
5,imgs/img_284.png
9,imgs/img_285.png
6,imgs/img_286.png
5,imgs/img_287.png
7,imgs/img_288.png
4,imgs/img_289.png
1,imgs/img_290.png
3,imgs/img_291.png
4,imgs/img_292.png
0,imgs/img_293.png
4,imgs/img_294.png
8,imgs/img_295.png
0,imgs/img_296.png
4,imgs/img_297.png
3,imgs/img_298.png
6,imgs/img_299.png
8,imgs/img_300.png
